--Populate_User_Setup
--Populate_User_Setup
INSERT INTO user_roles(role)
VALUES(0);
INSERT INTO user_roles(role)
VALUES(1);
INSERT INTO user_states(deleted)
VALUES(FALSE);
INSERT INTO user_states(deleted)
VALUES(FALSE);
INSERT INTO user_states(deleted)
VALUES(FALSE);
INSERT INTO user_states(deleted)
VALUES(FALSE);
INSERT INTO user_states(deleted)
VALUES(FALSE);
INSERT INTO user_states(deleted)
VALUES(FALSE);
INSERT INTO user_states(deleted)
VALUES(FALSE);
INSERT INTO user_states(deleted)
VALUES(FALSE);
INSERT INTO user_states(deleted)
VALUES(FALSE);
INSERT INTO user_states(deleted)
VALUES(FALSE);
INSERT INTO user_states(deleted)
VALUES(FALSE);
INSERT INTO user_states(deleted)
VALUES(FALSE);
INSERT INTO user_states(deleted)
VALUES(FALSE);
INSERT INTO user_states(deleted)
VALUES(FALSE);
INSERT INTO user_states(deleted)
VALUES(FALSE);
INSERT INTO user_states(deleted)
VALUES(FALSE);
INSERT INTO user_states(deleted)
VALUES(FALSE);
INSERT INTO user_states(deleted)
VALUES(FALSE);
INSERT INTO user_states(deleted)
VALUES(FALSE);
INSERT INTO user_states(deleted)
VALUES(FALSE);
INSERT INTO user_states(deleted)
VALUES(FALSE);
INSERT INTO user_states(deleted)
VALUES(FALSE);
INSERT INTO user_states(deleted)
VALUES(FALSE);
INSERT INTO user_states(deleted)
VALUES(FALSE);
INSERT INTO user_states(deleted)
VALUES(FALSE);
INSERT INTO user_states(deleted)
VALUES(FALSE);
INSERT INTO user_states(deleted)
VALUES(FALSE);
INSERT INTO user_states(deleted)
VALUES(FALSE);
INSERT INTO user_states(deleted)
VALUES(FALSE);
INSERT INTO user_states(deleted)
VALUES(FALSE);
INSERT INTO user_states(deleted)
VALUES(FALSE);
INSERT INTO user_states(deleted)
VALUES(FALSE);
INSERT INTO user_states(deleted)
VALUES(FALSE);
INSERT INTO user_states(deleted)
VALUES(FALSE);
INSERT INTO user_states(deleted)
VALUES(FALSE);
INSERT INTO user_states(deleted)
VALUES(FALSE);
INSERT INTO user_states(deleted)
VALUES(FALSE);
INSERT INTO user_states(deleted)
VALUES(FALSE);
INSERT INTO user_states(deleted)
VALUES(FALSE);
INSERT INTO user_states(deleted)
VALUES(FALSE);
INSERT INTO user_states(deleted)
VALUES(FALSE);
INSERT INTO user_states(deleted)
VALUES(FALSE);
INSERT INTO user_states(deleted)
VALUES(FALSE);
INSERT INTO user_states(deleted)
VALUES(FALSE);
INSERT INTO user_states(deleted)
VALUES(FALSE);
INSERT INTO user_states(deleted)
VALUES(FALSE);
INSERT INTO user_states(deleted)
VALUES(FALSE);
INSERT INTO user_states(deleted)
VALUES(FALSE);
INSERT INTO user_states(deleted)
VALUES(FALSE);
INSERT INTO user_states(deleted)
VALUES(FALSE);
INSERT INTO user_states(deleted)
VALUES(FALSE);
INSERT INTO user_states(deleted)
VALUES(FALSE);
INSERT INTO user_states(deleted)
VALUES(FALSE);
INSERT INTO user_states(deleted)
VALUES(FALSE);
INSERT INTO user_states(deleted)
VALUES(FALSE);
INSERT INTO user_states(deleted)
VALUES(FALSE);
INSERT INTO user_states(deleted)
VALUES(FALSE);
INSERT INTO user_states(deleted)
VALUES(FALSE);

-- Populate_Users
INSERT INTO users(user_name,first_name,last_name,encrypted_password,salt,email,user_role,user_state_id)
VALUES('cew','Craig', 'Wills', 229256,2666271,'cew@wpi.edu',1,1); --5088315357
INSERT INTO users(user_name,first_name,last_name,encrypted_password,salt,email,user_role,user_state_id,phone_num)
VALUES('emmanuel','Emmanuel','Agu',61829,277727,'emmanuel@wpi.edu',2,2,5088315568);
INSERT INTO users(user_name,first_name,last_name,encrypted_password,salt,email,user_role,user_state_id,phone_num)
VALUES('josephbeck','Joseph','Beck',327373793,26126621,'josephbeck@wpi.edu',2,3,5088316156);
INSERT INTO users(user_name,first_name,last_name,encrypted_password,salt,email,user_role,user_state_id,phone_num)
VALUES('dcb','David','Brown',2178226,6817236,'dcb@wpi.edu',2,4,5088315618);
INSERT INTO users(user_name,first_name,last_name,encrypted_password,salt,email,user_role,user_state_id,phone_num)
VALUES('ciaraldi','Michael','Ciaraldi',347253,232738,'ciaraldi@wpi.edu',2,5,5088315117);
INSERT INTO users(user_name,first_name,last_name,encrypted_password,salt,email,user_role,user_state_id,phone_num)
VALUES('claypool','Mark','Claypool',1272691,216272,'claypool@wpi.edu',2,6,5088315409);
INSERT INTO users(user_name,first_name,last_name,encrypted_password,salt,email,user_role,user_state_id)
VALUES('jmcuneo','Joshua','Cuneo',129712,129273,'jmcuneo@wpi.edu',2,7);
INSERT INTO users(user_name,first_name,last_name,encrypted_password,salt,email,user_role,user_state_id,phone_num)
VALUES('dd','Daniel','Dougherty',277676,999999,'dd@wpi.edu',2,8,5088315621);
INSERT INTO users(user_name,first_name,last_name,encrypted_password,salt,email,user_role,user_state_id,phone_num)
VALUES('meltabakh','Mohamed','Eltabakh',2731991,1886611,'meltabakh@wpi.edu',2,9,5088316421);
INSERT INTO users(user_name,first_name,last_name,encrypted_password,salt,email,user_role,user_state_id)
VALUES('lfihera','Loris','Fichera',1289731229,127368263381,'lfichera@wpi.edu',2,10);
INSERT INTO users(user_name,first_name,last_name,encrypted_password,salt,email,user_role,user_state_id,phone_num)
VALUES('kfisler','Kathryn','Fisler',1278628761,1279687261,'kfisler@wpi.edu',2,11,5088315118);
INSERT INTO users(user_name,first_name,last_name,encrypted_password,salt,email,user_role,user_state_id,phone_num)
VALUES('michaelg','Michael','Gennert',7182682,268726381,'michaelg@wpi.edu',2,12,5088315476);
INSERT INTO users(user_name,first_name,last_name,encrypted_password,salt,email,user_role,user_state_id)
VALUES('tian','Tian','Guo',1293182,127388236,'tian@wpi.edu',2,13);
INSERT INTO users(user_name,first_name,last_name,encrypted_password,salt,email,user_role,user_state_id,phone_num)
VALUES('ghamel','Glynis','Hamel',72726381,1291721,'ghamel@wpi.edu',2,14,5088315252);
INSERT INTO users(user_name,first_name,last_name,encrypted_password,salt,email,user_role,user_state_id,phone_num)
VALUES('ltharrison','Lane','Harrison',1278621,1277212,'ltharrison@wpi.edu',2,15,9802008363);
INSERT INTO users(user_name,first_name,last_name,encrypted_password,salt,email,user_role,user_state_id,phone_num)
VALUES('nth','Neil','Heffernan',2179812,12166178,'nth@wpi.edu',2,16,5088315569);
INSERT INTO users(user_name,first_name,last_name,encrypted_password,salt,email,user_role,user_state_id,phone_num)
VALUES('heineman','George','Heineman',28739186273918,12631872631,'heineman@wpi.edu',2,17,5088315502);
INSERT INTO users(user_name,first_name,last_name,encrypted_password,salt,email,user_role,user_state_id)
VALUES('hofri','Micha','Hofri',28731987239182,1982312763871,'hofri@wpi.edu',2,18); --5088315357
INSERT INTO users(user_name,first_name,last_name,encrypted_password,salt,email,user_role,user_state_id)
VALUES('rek','Robert','Kinicki',1278871267812,381627361872,'rek@wpi.edu',2,19); --5088315357
INSERT INTO users(user_name,first_name,last_name,encrypted_password,salt,email,user_role,user_state_id)
VALUES('xkong','Xiangnan','Kong',12762871,277263871,'xkong@wpi.edu',2,20);
INSERT INTO users(user_name,first_name,last_name,encrypted_password,salt,email,user_role,user_state_id)
VALUES('dkorkin','Dmitry','Korkin',778736,12776222,'dkorkin@wpi.edu',2,21);
INSERT INTO users(user_name,first_name,last_name,encrypted_password,salt,email,user_role,user_state_id,phone_num)
VALUES('lauer','Hugh','Lauer',827981618,1687381,'lauer@wpi.edu',2,22,5088315493);
INSERT INTO users(user_name,first_name,last_name,encrypted_password,salt,email,user_role,user_state_id,phone_num)
VALUES('kmlee','Kyumin','Lee',1276176871,1871681,'kmlee@wpi.edu',2,23,5088316826);
INSERT INTO users(user_name,first_name,last_name,encrypted_password,salt,email,user_role,user_state_id)
VALUES('yli15','yanhua','Li',117263876,129312681,'yli15Wpi.edu',2,24);
INSERT INTO users(user_name,first_name,last_name,encrypted_password,salt,email,user_role,user_state_id)
VALUES('simellostark','Suzanne','Mello-Stark',276817123,127639817,'simellostark@wpi.edu',2,25);
INSERT INTO users(user_name,first_name,last_name,encrypted_password,salt,email,user_role,user_state_id)
VALUES('rneamtu','Rodica','Neamtu',2381652,12763187,'rneamtu@wpi.edu',2,26);
INSERT INTO users(user_name,first_name,last_name,encrypted_password,salt,email,user_role,user_state_id)
VALUES('cpinciroli','Carlo','Pinciroli',28176287,127638177,'cpinciroli@wpi.edu',2,27);
INSERT INTO users(user_name,first_name,last_name,encrypted_password,salt,email,user_role,user_state_id)
VALUES('gpollice','Gary','Pollice',72163817,27631826,'gpollice@wpi.edu',2,28);
INSERT INTO users(user_name,first_name,last_name,encrypted_password,salt,email,user_role,user_state_id,phone_num)
VALUES('ruiz','Carolina','Ruiz',761826187,276318762,'ruiz@wpi.edu',2,29,5088315640);
INSERT INTO users(user_name,first_name,last_name,encrypted_password,salt,email,user_role,user_state_id,phone_num)
VALUES('rundenst','Elke','Rundensteiner',276817267,27658122,'rundenst@wpi.edu',2,30,5088315815);
INSERT INTO users(user_name,first_name,last_name,encrypted_password,salt,email,user_role,user_state_id,phone_num)
VALUES('gsarkozy','Gabor','Sarkozy',276178176,127618712,'gsarkozy@wpi.edu',2,31,5088315408);
INSERT INTO users(user_name,first_name,last_name,encrypted_password,salt,email,user_role,user_state_id)
VALUES('dselent','Douglas','Selent',276817628,12768126,'dselent@wpi.edu',2,32);
INSERT INTO users(user_name,first_name,last_name,encrypted_password,salt,email,user_role,user_state_id,phone_num)
VALUES('cshue','Craig','Shue',276182681,1268716,'cshue@wpi.edu',2,33,5088314933);
INSERT INTO users(user_name,first_name,last_name,encrypted_password,salt,email,user_role,user_state_id)
VALUES('sidner','Candace','Sidner',2768181,192763817,'sidner@wpi.edu',2,34);
INSERT INTO users(user_name,first_name,last_name,encrypted_password,salt,email,user_role,user_state_id)
VALUES('gmsmith','Gillian','Smith',276187268,12768172,'gmsmith@wpi.edu',2,35);
INSERT INTO users(user_name,first_name,last_name,encrypted_password,salt,email,user_role,user_state_id,phone_num)
VALUES('kven','Krishna','Venkatasubramanian',28176817,27168272,'kven@wpi.edu',2,36,5088316571);
INSERT INTO users(user_name,first_name,last_name,encrypted_password,salt,email,user_role,user_state_id)
VALUES('rjwalls','Robert','Walls',27861861,12761871,'rjwalls@wpi.edu',2,37);
INSERT INTO users(user_name,first_name,last_name,encrypted_password,salt,email,user_role,user_state_id)
VALUES('jrwhitehill','Jacob','Whitehill',2178817,31872917,'jrwhitehill@wpi.edu',2,38);
INSERT INTO users(user_name,first_name,last_name,encrypted_password,salt,email,user_role,user_state_id,phone_num)
VALUES('wwong2','Wilson','Wong',22761761,1293618,'wwong2@wpi.edu',2,39,5088315705);
INSERT INTO users(user_name,first_name,last_name,encrypted_password,salt,email,user_role,user_state_id)
VALUES('jxiao2','Jing','Xiao',287918729,1231792,'jxiao2@wpi.edu',2,40);
INSERT INTO users(user_name,first_name,last_name,encrypted_password,salt,email,user_role,user_state_id,phone_num)
VALUES('iarroyo','Ivon','Arroyo',2768783,3987933,'iarroyo@wpi.edu',2,41,5088316715);
INSERT INTO users(user_name,first_name,last_name,encrypted_password,salt,email,user_role,user_state_id)
VALUES('breecher','Jerry','Breecher',273681627,137618726,'breecher@wpi.edu',2,42); -- 5088315357
INSERT INTO users(user_name,first_name,last_name,encrypted_password,salt,email,user_role,user_state_id)
VALUES('tgannon','Thomas','Gannon',26816628,12976812,'tgannon@wpi.edu',2,43); -- 5088315357
INSERT INTO users(user_name,first_name,last_name,encrypted_password,salt,email,user_role,user_state_id,phone_num)
VALUES('kal','Karen','Lemone',2768168,276182,'kal@wpi.edu',2,44,5088315529);
INSERT INTO users(user_name,first_name,last_name,encrypted_password,salt,email,user_role,user_state_id,phone_num)
VALUES('kap','Keith','Pray',21761826,2761862,'kap@wpi.edu',2,45,5088310926);
INSERT INTO users(user_name,first_name,last_name,encrypted_password,salt,email,user_role,user_state_id)
VALUES('sms','Stanley','Selkow',26871682,29761823,'sms@wpi.edu',2,46); -- 5088315357
INSERT INTO users(user_name,first_name,last_name,encrypted_password,salt,email,user_role,user_state_id)
VALUES('jsingh','Jitendra','Singh',2998793,39879736,'jsingh@wpi.edu',2,47); -- 5088315357
INSERT INTO users(user_name,first_name,last_name,encrypted_password,salt,email,user_role,user_state_id)
VALUES('akabir','Kabir','Ahmedul',2966793,9979736,'akabir@wpi.edu',2,48);
INSERT INTO users(user_name,first_name,last_name,encrypted_password,salt,email,user_role,user_state_id)
VALUES('benelson','Blake','Nelson',8172637,9747772,'benelson@wpi.edu',2,49);
INSERT INTO users(user_name,first_name,last_name,encrypted_password,salt,email,user_role,user_state_id)
VALUES('cngan','Chun','Ngan',8555637,978768,'cngan@wpi.edu',2,50);
INSERT INTO users(user_name,first_name,last_name,encrypted_password,salt,email,user_role,user_state_id,phone_num)
VALUES('rich','Charles','Rich',1168,1182,'rich@wpi.edu',2,51,5088315945);
INSERT INTO users(user_name,first_name,last_name,encrypted_password,salt,email,user_role,user_state_id)
VALUES('hcloi','Hao','Loi',85677,1168,'hcloi@wpi.edu',2,52);
INSERT INTO users(user_name,first_name,last_name,encrypted_password,salt,email,user_role,user_state_id,phone_num)
VALUES('hservat','Herman','Servatius',89999,18949,'hservat@wpi.edu',2,53,5088315361);
INSERT INTO users(user_name,first_name,last_name,encrypted_password,salt,email,user_role,user_state_id)
VALUES('jatoro','Jorge','Toro',1767889,876893,'jatoro@wpi.edu',2,55);
INSERT INTO users(user_name,first_name,last_name,encrypted_password,salt,email,user_role,user_state_id,phone_num)
VALUES('slandau','Susan','Landau',7776688,3344445,'slandau@wpi.edu',2,57,4132592018);

--Populate_Instructors
INSERT INTO instructors(user_id,req_courses)
VALUES(1,1);
INSERT INTO instructors(user_id,req_courses)
VALUES(2,3);
INSERT INTO instructors(user_id,req_courses)
VALUES(3,3);
INSERT INTO instructors(user_id,req_courses)
VALUES(4,0);
INSERT INTO instructors(user_id,req_courses)
VALUES(5,4);
INSERT INTO instructors(user_id,req_courses)
VALUES(6,0);
INSERT INTO instructors(user_id,req_courses)
VALUES(7,5);
INSERT INTO instructors(user_id,req_courses)
VALUES(8,3);
INSERT INTO instructors(user_id,req_courses)
VALUES(9,3);
INSERT INTO instructors(user_id,req_courses)
VALUES(10,0);
INSERT INTO instructors(user_id,req_courses)
VALUES(11,0);
INSERT INTO instructors(user_id,req_courses)
VALUES(12,0);
INSERT INTO instructors(user_id,req_courses)
VALUES(13,2);
INSERT INTO instructors(user_id,req_courses)
VALUES(14,5);
INSERT INTO instructors(user_id,req_courses)
VALUES(15,4);
INSERT INTO instructors(user_id,req_courses)
VALUES(16,2);
INSERT INTO instructors(user_id,req_courses)
VALUES(17,3);
INSERT INTO instructors(user_id,req_courses)
VALUES(18,4);
INSERT INTO instructors(user_id,req_courses)
VALUES(19,0);
INSERT INTO instructors(user_id,req_courses)
VALUES(20,3);
INSERT INTO instructors(user_id,req_courses)
VALUES(21,1);
INSERT INTO instructors(user_id,req_courses)
VALUES(22,4);
INSERT INTO instructors(user_id,req_courses)
VALUES(23,0);
INSERT INTO instructors(user_id,req_courses)
VALUES(24,2);
INSERT INTO instructors(user_id,req_courses)
VALUES(25,3);
INSERT INTO instructors(user_id,req_courses)
VALUES(26,4);
INSERT INTO instructors(user_id,req_courses)
VALUES(27,1);
INSERT INTO instructors(user_id,req_courses)
VALUES(28,1);
INSERT INTO instructors(user_id,req_courses)
VALUES(29,3);
INSERT INTO instructors(user_id,req_courses)
VALUES(30,1);
INSERT INTO instructors(user_id,req_courses)
VALUES(31,3);
INSERT INTO instructors(user_id,req_courses)
VALUES(32,5);
INSERT INTO instructors(user_id,req_courses)
VALUES(33,3);
INSERT INTO instructors(user_id,req_courses)
VALUES(34,0);
INSERT INTO instructors(user_id,req_courses)
VALUES(35,0);
INSERT INTO instructors(user_id,req_courses)
VALUES(36,3);
INSERT INTO instructors(user_id,req_courses)
VALUES(37,2);
INSERT INTO instructors(user_id,req_courses)
VALUES(38,3);
INSERT INTO instructors(user_id,req_courses)
VALUES(39,4);
INSERT INTO instructors(user_id,req_courses)
VALUES(40,0);
INSERT INTO instructors(user_id,req_courses)
VALUES(41,0);
INSERT INTO instructors(user_id,req_courses)
VALUES(42,2);
INSERT INTO instructors(user_id,req_courses)
VALUES(43,0);
INSERT INTO instructors(user_id,req_courses)
VALUES(44,0);
INSERT INTO instructors(user_id,req_courses)
VALUES(45,2);
INSERT INTO instructors(user_id,req_courses)
VALUES(46,0);
INSERT INTO instructors(user_id,req_courses)
VALUES(47,1);
INSERT INTO instructors(user_id,req_courses)
VALUES(48,3);
INSERT INTO instructors(user_id,req_courses)
VALUES(49,4);
INSERT INTO instructors(user_id,req_courses)
VALUES(50,1);
INSERT INTO instructors(user_id,req_courses)
VALUES(51,0);
INSERT INTO instructors(user_id,req_courses)
VALUES(52,3);
INSERT INTO instructors(user_id,req_courses)
VALUES(53,1);
INSERT INTO instructors(user_id,req_courses)
VALUES(54,0);


--Populate_Users_Roles_Links
INSERT INTO users_roles_links(user_id,role_id)
VALUES(1,1);
INSERT INTO users_roles_links(user_id,role_id)
VALUES(2,2);
INSERT INTO users_roles_links(user_id,role_id)
VALUES(3,2);
INSERT INTO users_roles_links(user_id,role_id)
VALUES(4,2);
INSERT INTO users_roles_links(user_id,role_id)
VALUES(5,2);
INSERT INTO users_roles_links(user_id,role_id)
VALUES(6,2);
INSERT INTO users_roles_links(user_id,role_id)
VALUES(7,2);
INSERT INTO users_roles_links(user_id,role_id)
VALUES(8,2);
INSERT INTO users_roles_links(user_id,role_id)
VALUES(9,2);
INSERT INTO users_roles_links(user_id,role_id)
VALUES(10,2);
INSERT INTO users_roles_links(user_id,role_id)
VALUES(11,2);
INSERT INTO users_roles_links(user_id,role_id)
VALUES(12,2);
INSERT INTO users_roles_links(user_id,role_id)
VALUES(13,2);
INSERT INTO users_roles_links(user_id,role_id)
VALUES(14,2);
INSERT INTO users_roles_links(user_id,role_id)
VALUES(15,2);
INSERT INTO users_roles_links(user_id,role_id)
VALUES(16,2);
INSERT INTO users_roles_links(user_id,role_id)
VALUES(17,2);
INSERT INTO users_roles_links(user_id,role_id)
VALUES(18,2);
INSERT INTO users_roles_links(user_id,role_id)
VALUES(19,2);
INSERT INTO users_roles_links(user_id,role_id)
VALUES(20,2);
INSERT INTO users_roles_links(user_id,role_id)
VALUES(21,2);
INSERT INTO users_roles_links(user_id,role_id)
VALUES(22,2);
INSERT INTO users_roles_links(user_id,role_id)
VALUES(23,2);
INSERT INTO users_roles_links(user_id,role_id)
VALUES(24,2);
INSERT INTO users_roles_links(user_id,role_id)
VALUES(25,2);
INSERT INTO users_roles_links(user_id,role_id)
VALUES(26,2);
INSERT INTO users_roles_links(user_id,role_id)
VALUES(27,2);
INSERT INTO users_roles_links(user_id,role_id)
VALUES(28,2);
INSERT INTO users_roles_links(user_id,role_id)
VALUES(29,2);
INSERT INTO users_roles_links(user_id,role_id)
VALUES(30,2);
INSERT INTO users_roles_links(user_id,role_id)
VALUES(31,2);
INSERT INTO users_roles_links(user_id,role_id)
VALUES(32,2);
INSERT INTO users_roles_links(user_id,role_id)
VALUES(33,2);
INSERT INTO users_roles_links(user_id,role_id)
VALUES(34,2);
INSERT INTO users_roles_links(user_id,role_id)
VALUES(35,2);
INSERT INTO users_roles_links(user_id,role_id)
VALUES(36,2);
INSERT INTO users_roles_links(user_id,role_id)
VALUES(37,2);
INSERT INTO users_roles_links(user_id,role_id)
VALUES(38,2);
INSERT INTO users_roles_links(user_id,role_id)
VALUES(39,2);
INSERT INTO users_roles_links(user_id,role_id)
VALUES(40,2);
INSERT INTO users_roles_links(user_id,role_id)
VALUES(41,2);
INSERT INTO users_roles_links(user_id,role_id)
VALUES(42,2);
INSERT INTO users_roles_links(user_id,role_id)
VALUES(43,2);
INSERT INTO users_roles_links(user_id,role_id)
VALUES(44,2);
INSERT INTO users_roles_links(user_id,role_id)
VALUES(45,2);
INSERT INTO users_roles_links(user_id,role_id)
VALUES(46,2);
INSERT INTO users_roles_links(user_id,role_id)
VALUES(47,2);
INSERT INTO users_roles_links(user_id,role_id)
VALUES(48,2);
INSERT INTO users_roles_links(user_id,role_id)
VALUES(49,2);
INSERT INTO users_roles_links(user_id,role_id)
VALUES(50,2);
INSERT INTO users_roles_links(user_id,role_id)
VALUES(51,2);
INSERT INTO users_roles_links(user_id,role_id)
VALUES(52,2);
INSERT INTO users_roles_links(user_id,role_id)
VALUES(53,2);
INSERT INTO users_roles_links(user_id,role_id)
VALUES(54,2);
INSERT INTO users_roles_links(user_id,role_id)
VALUES(55,2);

-- Populate_Course_Information
--Change from 'Regular' to 'MQP','IQP', 'regular', or etc
INSERT INTO course_information (course_num, type, level, course_name) VALUES ('1004', 'Regular', TRUE, 'Intro. to Prog. for Non-Majors');
INSERT INTO course_information (course_num, type, level, course_name) VALUES ('1101', 'Regular', TRUE, 'Intro. to Program Design');
INSERT INTO course_information (course_num, type, level, course_name) VALUES ('1102', 'Regular', TRUE, 'Accel. Intro. to Program Design');
INSERT INTO course_information (course_num, type, level, course_name) VALUES ('2022', 'Regular', TRUE, 'Discrete Math.');
INSERT INTO course_information (course_num, type, level, course_name) VALUES ('2303', 'Regular', TRUE, 'Systems Programming Concepts');
INSERT INTO course_information (course_num, type, level, course_name) VALUES ('3013', 'Regular', TRUE, 'Operating Systems');
INSERT INTO course_information (course_num, type, level, course_name) VALUES ('3043', 'Regular', TRUE, 'Social Implic. of Info. Processing');
INSERT INTO course_information (course_num, type, level, course_name) VALUES ('3133', 'Regular', TRUE, 'Foundations of Comp. Sci.');
INSERT INTO course_information (course_num, type, level, course_name) VALUES ('3431', 'Regular', TRUE, 'Database Systems I');
INSERT INTO course_information (course_num, type, level, course_name) VALUES ('3516', 'Regular', TRUE, 'Computer Networks');
INSERT INTO course_information (course_num, type, level, course_name) VALUES ('4233', 'Regular', TRUE, 'Object-Oriented Analysis and Design');
INSERT INTO course_information (course_num, type, level, course_name) VALUES ('4241', 'Regular', TRUE, 'Webware: Comp Tech for Network Info Systems');
INSERT INTO course_information (course_num, type, level, course_name) VALUES ('4341', 'Regular', TRUE, 'Intro to Artificial Intelligence');
INSERT INTO course_information (course_num, type, level, course_name) VALUES ('2011', 'Regular', TRUE, 'Intro to Machine Org. and Assembly Lang.');
INSERT INTO course_information (course_num, type, level, course_name) VALUES ('2102', 'Regular', TRUE, 'Object Oriented Design Concepts');
INSERT INTO course_information (course_num, type, level, course_name) VALUES ('210x', 'Regular', TRUE, 'Accelerated Object Oriented Design Concepts');
INSERT INTO course_information (course_num, type, level, course_name) VALUES ('2223', 'Regular', TRUE, 'Algorithms');
INSERT INTO course_information (course_num, type, level, course_name) VALUES ('2301', 'Regular', TRUE, 'Systems Programming for Non-Majors');
INSERT INTO course_information (course_num, type, level, course_name) VALUES ('3041', 'Regular', TRUE, 'Human-Computer Interaction');
INSERT INTO course_information (course_num, type, level, course_name) VALUES ('3733', 'Regular', TRUE, 'Software Engineering');
INSERT INTO course_information (course_num, type, level, course_name) VALUES ('4032', 'Regular', TRUE, 'Numerical Methods for Calc. and Diff. Equations');
INSERT INTO course_information (course_num, type, level, course_name) VALUES ('4100', 'Regular', TRUE, 'A.I. for Interactive Media and Games');
INSERT INTO course_information (course_num, type, level, course_name) VALUES ('4123', 'Regular', TRUE, 'Theory of Computation');
INSERT INTO course_information (course_num, type, level, course_name) VALUES ('4445/4803', 'Regular', TRUE, 'Data Mining');
INSERT INTO course_information (course_num, type, level, course_name) VALUES ('4518', 'Regular', TRUE, 'Mobile and Ubiquitous Computing');
INSERT INTO course_information (course_num, type, level, course_name) VALUES ('2202', 'Regular', TRUE, 'Discrete Mathematics');
INSERT INTO course_information (course_num, type, level, course_name) VALUES ('4033', 'Regular', TRUE, 'Numerical Methods for Linear and Nonlinear Systems');
INSERT INTO course_information (course_num, type, level, course_name) VALUES ('4536', 'Regular', TRUE, 'Programming Languages');
INSERT INTO course_information (course_num, type, level, course_name) VALUES ('4731', 'Regular', TRUE, 'Computer Graphics');
INSERT INTO course_information (course_num, type, level, course_name) VALUES ('4802', 'Regular', TRUE, 'Biovisualization');
INSERT INTO course_information (course_num, type, level, course_name) VALUES ('2119', 'Regular', TRUE, 'Application Building with Object-Oriented Concepts');
INSERT INTO course_information (course_num, type, level, course_name) VALUES ('453X', 'Regular', TRUE, 'Machine Learning');
INSERT INTO course_information (course_num, type, level, course_name) VALUES ('4120', 'Regular', TRUE, 'Analysis of Algorithms');
INSERT INTO course_information (course_num, type, level, course_name) VALUES ('4401', 'Regular', TRUE, 'Software Security Engineering');
INSERT INTO course_information (course_num, type, level, course_name) VALUES ('4432', 'Regular', TRUE, 'Database Systems II');
INSERT INTO course_information (course_num, type, level, course_name) VALUES ('4513', 'Regular', TRUE, 'Distributed Computing Systems');
INSERT INTO course_information (course_num, type, level, course_name) VALUES ('5007', 'Regular', FALSE, 'Intro to Applications of Computer Science with Data Structures and Algorithms');
INSERT INTO course_information (course_num, type, level, course_name) VALUES ('502', 'Regular', FALSE, 'Operating Systems (Grad)');
INSERT INTO course_information (course_num, type, level, course_name) VALUES ('5084', 'Regular', FALSE, 'Intro. to Algorithms: Design and Analysis');
INSERT INTO course_information (course_num, type, level, course_name) VALUES ('513', 'Regular', FALSE, 'Computer Networks (Grad)');
INSERT INTO course_information (course_num, type, level, course_name) VALUES ('522', 'Regular', FALSE, 'Numerical Methods');
INSERT INTO course_information (course_num, type, level, course_name) VALUES ('528', 'Regular', FALSE, 'Mobile and Ubiquitous Computing (Grad)');
INSERT INTO course_information (course_num, type, level, course_name) VALUES ('534', 'Regular', FALSE, 'Artificial Intelligence');
INSERT INTO course_information (course_num, type, level, course_name) VALUES ('542', 'Regular', FALSE, 'Database Management Systems');
INSERT INTO course_information (course_num, type, level, course_name) VALUES ('548/583', 'Regular', FALSE, 'Data Mining (Grad)');
INSERT INTO course_information (course_num, type, level, course_name) VALUES ('558', 'Regular', FALSE, 'Computer Network Security');
INSERT INTO course_information (course_num, type, level, course_name) VALUES ('578', 'Regular', FALSE, 'Cryptography and Data Security');
INSERT INTO course_information (course_num, type, level, course_name) VALUES ('584', 'Regular', FALSE, 'Algorithms, Design and Analysis');
INSERT INTO course_information (course_num, type, level, course_name) VALUES ('585', 'Regular', FALSE, 'Big Data Management');
INSERT INTO course_information (course_num, type, level, course_name) VALUES ('586', 'Regular', FALSE, 'Big Data Analytics');
INSERT INTO course_information (course_num, type, level, course_name) VALUES ('5003', 'Regular', FALSE, 'Foundations of Comp. Sci.: an Introduction');
INSERT INTO course_information (course_num, type, level, course_name) VALUES ('503', 'Regular', FALSE, 'Foundations of Computer Science');
INSERT INTO course_information (course_num, type, level, course_name) VALUES ('509', 'Regular', FALSE, 'Design of  Software Systems');
INSERT INTO course_information (course_num, type, level, course_name) VALUES ('525', 'Regular', FALSE, 'Topics in Computer Science');
INSERT INTO course_information (course_num, type, level, course_name) VALUES ('539', 'Regular', FALSE, 'Machine Learning (Grad)');
INSERT INTO course_information (course_num, type, level, course_name) VALUES ('543', 'Regular', FALSE, 'Computer Graphics (Grad)');
INSERT INTO course_information (course_num, type, level, course_name) VALUES ('565', 'Regular', FALSE, 'User Modeling');
INSERT INTO course_information (course_num, type, level, course_name) VALUES ('573/582', 'Regular', FALSE, 'Data Visualization');
INSERT INTO course_information (course_num, type, level, course_name) VALUES ('4033', 'Regular', TRUE, 'Numerical Methods for Calculus and Differential Equations');
INSERT INTO course_information (course_num, type, level, course_name) VALUES ('4032', 'Regular', TRUE, 'Numerical Methods for Linear and Nonlinear Systems (CS)');
INSERT INTO course_information (course_num, type, level, course_name) VALUES ('522', 'Regular', TRUE, 'Numerical Methods (Grad)');
INSERT INTO course_information (course_num, type, level, course_name) VALUES ('1101', 'GPS', FALSE, 'Ignorance is not Bliss II');
INSERT INTO course_information (course_num, type, level, course_name) VALUES ('3150', 'GPS', FALSE, 'Light, Vision and Understanding');
INSERT INTO course_information (course_num, type, level, course_name) VALUES ('3100', 'GPS', FALSE, 'teaching Methods in Mathematics and Science');
INSERT INTO course_information (course_num, type, level, course_name) VALUES ('2100', 'GPS', FALSE, 'Disease Detectives: An Introduction to Epidemology');

--Populate_Department_Rework
INSERT INTO departments (dept_name) VALUES ('CS');
INSERT INTO departments (dept_name) VALUES ('MA');
INSERT INTO departments (dept_name) VALUES ('IMGD');
INSERT INTO departments (dept_name) VALUES ('FY');

INSERT INTO course_department_link (dept_id, course_id) VALUES (1, 1);
INSERT INTO course_department_link (dept_id, course_id) VALUES (1, 2);
INSERT INTO course_department_link (dept_id, course_id) VALUES (1, 3);
INSERT INTO course_department_link (dept_id, course_id) VALUES (1, 4);
INSERT INTO course_department_link (dept_id, course_id) VALUES (1, 5);
INSERT INTO course_department_link (dept_id, course_id) VALUES (1, 6);
INSERT INTO course_department_link (dept_id, course_id) VALUES (1, 7);
INSERT INTO course_department_link (dept_id, course_id) VALUES (1, 8);
INSERT INTO course_department_link (dept_id, course_id) VALUES (1, 9);
INSERT INTO course_department_link (dept_id, course_id) VALUES (1, 10);
INSERT INTO course_department_link (dept_id, course_id) VALUES (1, 11);
INSERT INTO course_department_link (dept_id, course_id) VALUES (1, 12);
INSERT INTO course_department_link (dept_id, course_id) VALUES (1, 13);
INSERT INTO course_department_link (dept_id, course_id) VALUES (1, 14);
INSERT INTO course_department_link (dept_id, course_id) VALUES (1, 15);
INSERT INTO course_department_link (dept_id, course_id) VALUES (1, 16);
INSERT INTO course_department_link (dept_id, course_id) VALUES (1, 17);
INSERT INTO course_department_link (dept_id, course_id) VALUES (1, 18);
INSERT INTO course_department_link (dept_id, course_id) VALUES (1, 19);
INSERT INTO course_department_link (dept_id, course_id) VALUES (1, 20);
INSERT INTO course_department_link (dept_id, course_id) VALUES (1, 23);
INSERT INTO course_department_link (dept_id, course_id) VALUES (1, 24);
INSERT INTO course_department_link (dept_id, course_id) VALUES (1, 25);
INSERT INTO course_department_link (dept_id, course_id) VALUES (1, 28);
INSERT INTO course_department_link (dept_id, course_id) VALUES (1, 29);
INSERT INTO course_department_link (dept_id, course_id) VALUES (1, 30);
INSERT INTO course_department_link (dept_id, course_id) VALUES (1, 31);
INSERT INTO course_department_link (dept_id, course_id) VALUES (1, 32);
INSERT INTO course_department_link (dept_id, course_id) VALUES (1, 33);
INSERT INTO course_department_link (dept_id, course_id) VALUES (1, 34);
INSERT INTO course_department_link (dept_id, course_id) VALUES (1, 35);
INSERT INTO course_department_link (dept_id, course_id) VALUES (1, 36);
INSERT INTO course_department_link (dept_id, course_id) VALUES (1, 37);
INSERT INTO course_department_link (dept_id, course_id) VALUES (1, 38);
INSERT INTO course_department_link (dept_id, course_id) VALUES (1, 39);
INSERT INTO course_department_link (dept_id, course_id) VALUES (1, 40);
INSERT INTO course_department_link (dept_id, course_id) VALUES (1, 42);
INSERT INTO course_department_link (dept_id, course_id) VALUES (1, 43);
INSERT INTO course_department_link (dept_id, course_id) VALUES (1, 44);
INSERT INTO course_department_link (dept_id, course_id) VALUES (1, 45);
INSERT INTO course_department_link (dept_id, course_id) VALUES (1, 46);
INSERT INTO course_department_link (dept_id, course_id) VALUES (1, 47);
INSERT INTO course_department_link (dept_id, course_id) VALUES (1, 48);
INSERT INTO course_department_link (dept_id, course_id) VALUES (1, 49);
INSERT INTO course_department_link (dept_id, course_id) VALUES (1, 50);
INSERT INTO course_department_link (dept_id, course_id) VALUES (1, 51);
INSERT INTO course_department_link (dept_id, course_id) VALUES (1, 52);
INSERT INTO course_department_link (dept_id, course_id) VALUES (1, 53);
INSERT INTO course_department_link (dept_id, course_id) VALUES (1, 54);
INSERT INTO course_department_link (dept_id, course_id) VALUES (1, 55);
INSERT INTO course_department_link (dept_id, course_id) VALUES (1, 56);
INSERT INTO course_department_link (dept_id, course_id) VALUES (1, 57);
INSERT INTO course_department_link (dept_id, course_id) VALUES (1, 58);
INSERT INTO course_department_link (dept_id, course_id) VALUES (1, 59);
INSERT INTO course_department_link (dept_id, course_id) VALUES (1, 60);
INSERT INTO course_department_link (dept_id, course_id) VALUES (1, 61);
INSERT INTO course_department_link (dept_id, course_id) VALUES (2, 21);
INSERT INTO course_department_link (dept_id, course_id) VALUES (2, 26);
INSERT INTO course_department_link (dept_id, course_id) VALUES (2, 27);
INSERT INTO course_department_link (dept_id, course_id) VALUES (2, 41);
INSERT INTO course_department_link (dept_id, course_id) VALUES (3, 22);
INSERT INTO course_department_link (dept_id, course_id) VALUES (4, 62);
INSERT INTO course_department_link (dept_id, course_id) VALUES (4, 63);
INSERT INTO course_department_link (dept_id, course_id) VALUES (4, 64);
INSERT INTO course_department_link (dept_id, course_id) VALUES (4, 65);

--Populate_Course_Sections
INSERT INTO course_sections(course_num,section_num,term,expected_pop)
VALUES(1,1,'A',125);
INSERT INTO course_sections(course_num,section_num,term,expected_pop)
VALUES(1,2,'C',162);
INSERT INTO course_sections(course_num,section_num,term,expected_pop)
VALUES(2,1,'A',115);
INSERT INTO course_sections(course_num,section_num,term,expected_pop)
VALUES(2,2,'A',115);
INSERT INTO course_sections(course_num,section_num,term,expected_pop)
VALUES(2,3,'A',70);
INSERT INTO course_sections(course_num,section_num,term,expected_pop)
VALUES(2,4,'C',70);
INSERT INTO course_sections(course_num,section_num,term,expected_pop)
VALUES(3,1,'A',102);
INSERT INTO course_sections(course_num,section_num,term,expected_pop)
VALUES(4,1,'A',20);
INSERT INTO course_sections(course_num,section_num,term,expected_pop)
VALUES(4,2,'C',20);
INSERT INTO course_sections(course_num,section_num,term,expected_pop)
VALUES(4,3,'D',20);
INSERT INTO course_sections(course_num,section_num,term,expected_pop)
VALUES(5,1,'A',30);
INSERT INTO course_sections(course_num,section_num,term,expected_pop)
VALUES(5,2,'C',30);
INSERT INTO course_sections(course_num,section_num,term,expected_pop)
VALUES(5,3,'C',30);
INSERT INTO course_sections(course_num,section_num,term,expected_pop)
VALUES(14,1,'B',30);
INSERT INTO course_sections(course_num,section_num,term,expected_pop)
VALUES(14,2,'D',30);
INSERT INTO course_sections(course_num,section_num,term,expected_pop)
VALUES(15,1,'B',30);
INSERT INTO course_sections(course_num,section_num,term,expected_pop)
VALUES(15,2,'B',30);
INSERT INTO course_sections(course_num,section_num,term,expected_pop)
VALUES(15,3,'D',30);
INSERT INTO course_sections(course_num,section_num,term,expected_pop)
VALUES(16,1,'B',30);
INSERT INTO course_sections(course_num,section_num,term,expected_pop)
VALUES(17,1,'B',30);
INSERT INTO course_sections(course_num,section_num,term,expected_pop)
VALUES(17,2,'D',30);
INSERT INTO course_sections(course_num,section_num,term,expected_pop)
VALUES(17,3,'D',30);
INSERT INTO course_sections(course_num,section_num,term,expected_pop)
VALUES(18,1,'B',30);
INSERT INTO course_sections(course_num,section_num,term,expected_pop)
VALUES(18,2,'D',30);
INSERT INTO course_sections(course_num,section_num,term,expected_pop)
VALUES(31,1,'D',30);
INSERT INTO course_sections(course_num,section_num,term,expected_pop)
VALUES(6,1,'A',30);
INSERT INTO course_sections(course_num,section_num,term,expected_pop)
VALUES(6,2,'C',30);
INSERT INTO course_sections(course_num,section_num,term,expected_pop)
VALUES(6,3,'C',30);
INSERT INTO course_sections(course_num,section_num,term,expected_pop)
VALUES(7,1,'A',30);
INSERT INTO course_sections(course_num,section_num,term,expected_pop)
VALUES(7,2,'A',30);
INSERT INTO course_sections(course_num,section_num,term,expected_pop)
VALUES(7,3,'A',30);
INSERT INTO course_sections(course_num,section_num,term,expected_pop)
VALUES(7,4,'C',30);
INSERT INTO course_sections(course_num,section_num,term,expected_pop)
VALUES(7,5,'C',30);
INSERT INTO course_sections(course_num,section_num,term,expected_pop)
VALUES(7,6,'D',30);
INSERT INTO course_sections(course_num,section_num,term,expected_pop)
VALUES(7,7,'D',30);
INSERT INTO course_sections(course_num,section_num,term,expected_pop)
VALUES(7,8,'D',30);
INSERT INTO course_sections(course_num,section_num,term,expected_pop)
VALUES(8,1,'A',30);
INSERT INTO course_sections(course_num,section_num,term,expected_pop)
VALUES(8,2,'C',30);
INSERT INTO course_sections(course_num,section_num,term,expected_pop)
VALUES(9,1,'A',30);
INSERT INTO course_sections(course_num,section_num,term,expected_pop)
VALUES(9,2,'C',30);
INSERT INTO course_sections(course_num,section_num,term,expected_pop)
VALUES(10,1,'A',30);
INSERT INTO course_sections(course_num,section_num,term,expected_pop)
VALUES(10,2,'B',30);
INSERT INTO course_sections(course_num,section_num,term,expected_pop)
VALUES(20,1,'B',30);
INSERT INTO course_sections(course_num,section_num,term,expected_pop)
VALUES(20,2,'C',30);
INSERT INTO course_sections(course_num,section_num,term,expected_pop)
VALUES(20,3,'D',30);
INSERT INTO course_sections(course_num,section_num,term,expected_pop)
VALUES(20,4,'D',30);
INSERT INTO course_sections(course_num,section_num,term,expected_pop)
VALUES(19,1,'B',30);
INSERT INTO course_sections(course_num,section_num,term,expected_pop)
VALUES(7,1,'B',30);
INSERT INTO course_sections(course_num,section_num,term,expected_pop)
VALUES(11,1,'A',30);
INSERT INTO course_sections(course_num,section_num,term,expected_pop)
VALUES(12,1,'A',30);
INSERT INTO course_sections(course_num,section_num,term,expected_pop)
VALUES(13,1,'A',30);
INSERT INTO course_sections(course_num,section_num,term,expected_pop)
VALUES(13,2,'A',30);
INSERT INTO course_sections(course_num,section_num,term,expected_pop)
VALUES(13,3,'C',30);
INSERT INTO course_sections(course_num,section_num,term,expected_pop)
VALUES(27,1,'B',30);
INSERT INTO course_sections(course_num,section_num,term,expected_pop)
VALUES(22,1,'B',30);
INSERT INTO course_sections(course_num,section_num,term,expected_pop)
VALUES(23,1,'B',30);
INSERT INTO course_sections(course_num,section_num,term,expected_pop)
VALUES(24,1,'B',30);
INSERT INTO course_sections(course_num,section_num,term,expected_pop)
VALUES(25,1,'B',30);
INSERT INTO course_sections(course_num,section_num,term,expected_pop)
VALUES(25,2,'C',30);
INSERT INTO course_sections(course_num,section_num,term,expected_pop)
VALUES(26,1,'B',30);
INSERT INTO course_sections(course_num,section_num,term,expected_pop)
VALUES(21,1,'C',30);
INSERT INTO course_sections(course_num,section_num,term,expected_pop)
VALUES(28,1,'C',30);
INSERT INTO course_sections(course_num,section_num,term,expected_pop)
VALUES(29,1,'C',30);
INSERT INTO course_sections(course_num,section_num,term,expected_pop)
VALUES(30,1,'C',30);
INSERT INTO course_sections(course_num,section_num,term,expected_pop)
VALUES(32,1,'D',30);
INSERT INTO course_sections(course_num,section_num,term,expected_pop)
VALUES(33,1,'D',30);
INSERT INTO course_sections(course_num,section_num,term,expected_pop)
VALUES(11,1,'D',30);
INSERT INTO course_sections(course_num,section_num,term,expected_pop)
VALUES(34,1,'D',30);
INSERT INTO course_sections(course_num,section_num,term,expected_pop)
VALUES(35,1,'D',30);
INSERT INTO course_sections(course_num,section_num,term,expected_pop)
VALUES(36,1,'D',30);
INSERT INTO course_sections(course_num,section_num,term,expected_pop)
VALUES(37,1,'F',30);
INSERT INTO course_sections(course_num,section_num,term,expected_pop)
VALUES(38,1,'F',30);
INSERT INTO course_sections(course_num,section_num,term,expected_pop)
VALUES(39,1,'F',30);
INSERT INTO course_sections(course_num,section_num,term,expected_pop)
VALUES(53,1,'F',30);
INSERT INTO course_sections(course_num,section_num,term,expected_pop)
VALUES(40,1,'F',30);
INSERT INTO course_sections(course_num,section_num,term,expected_pop)
VALUES(41,1,'F',30);
INSERT INTO course_sections(course_num,section_num,term,expected_pop)
VALUES(42,1,'F',30);
INSERT INTO course_sections(course_num,section_num,term,expected_pop)
VALUES(43,1,'F',30);
INSERT INTO course_sections(course_num,section_num,term,expected_pop)
VALUES(44,1,'F',30);
INSERT INTO course_sections(course_num,section_num,term,expected_pop)
VALUES(45,1,'F',30);
INSERT INTO course_sections(course_num,section_num,term,expected_pop)
VALUES(46,1,'F',30);
INSERT INTO course_sections(course_num,section_num,term,expected_pop)
VALUES(47,1,'F',30);
INSERT INTO course_sections(course_num,section_num,term,expected_pop)
VALUES(48,1,'F',30);
INSERT INTO course_sections(course_num,section_num,term,expected_pop)
VALUES(49,1,'F',30);
INSERT INTO course_sections(course_num,section_num,term,expected_pop)
VALUES(50,1,'F',30);
INSERT INTO course_sections(course_num,section_num,term,expected_pop)
VALUES(51,1,'S',30);
INSERT INTO course_sections(course_num,section_num,term,expected_pop)
VALUES(52,1,'S',30);
INSERT INTO course_sections(course_num,section_num,term,expected_pop)
VALUES(53,2,'S',30);
INSERT INTO course_sections(course_num,section_num,term,expected_pop)
VALUES(43,2,'S',30);
INSERT INTO course_sections(course_num,section_num,term,expected_pop)
VALUES(55,1,'S',30);
INSERT INTO course_sections(course_num,section_num,term,expected_pop)
VALUES(44,2,'S',30);
INSERT INTO course_sections(course_num,section_num,term,expected_pop)
VALUES(56,1,'S',30);
INSERT INTO course_sections(course_num,section_num,term,expected_pop)
VALUES(57,1,'S',30);
INSERT INTO course_sections(course_num,section_num,term,expected_pop)
VALUES(58,1,'S',30);
INSERT INTO course_sections(course_num,section_num,term,expected_pop)
VALUES(49,2,'S',30);
INSERT INTO course_sections(course_num,section_num,term,expected_pop)
VALUES(50,2,'S',30);
INSERT INTO course_sections(course_num,section_num,term,expected_pop)
VALUES(19,1,'D',30);
INSERT INTO course_sections(course_num,section_num,term,expected_pop)
VALUES(54,1,'S',30);
INSERT INTO course_sections(course_num,section_num,term,expected_pop)
VALUES(54,2,'S',30);
INSERT INTO course_sections(course_num,section_num,term,expected_pop)
VALUES(54,3,'S',30);
INSERT INTO course_sections(course_num,section_num,term,expected_pop)
VALUES(54,4,'S',30);
INSERT INTO course_sections(course_num,section_num,term,expected_pop)
VALUES(62,1,'S',0);
INSERT INTO course_sections(course_num,section_num,term,expected_pop)
VALUES(63,1,'S',0);
INSERT INTO course_sections(course_num,section_num,term,expected_pop)
VALUES(64,1,'S',0);
INSERT INTO course_sections(course_num,section_num,term,expected_pop)
VALUES(65,1,'S',0);


--Populate_Instructor_Registered
INSERT INTO instructor_course_link_registered(instructor_id,section_id)
VALUES(2,76);
INSERT INTO instructor_course_link_registered(instructor_id,section_id)
VALUES(2,59);
INSERT INTO instructor_course_link_registered(instructor_id,section_id)
VALUES(2,91);
INSERT INTO instructor_course_link_registered(instructor_id,section_id)
VALUES(3,103);
INSERT INTO instructor_course_link_registered(instructor_id,section_id)
VALUES(3,7);
INSERT INTO instructor_course_link_registered(instructor_id,section_id)
VALUES(3,88);
INSERT INTO instructor_course_link_registered(instructor_id,section_id)
VALUES(5,11);
INSERT INTO instructor_course_link_registered(instructor_id,section_id)
VALUES(5,12);
INSERT INTO instructor_course_link_registered(instructor_id,section_id)
VALUES(5,13);
INSERT INTO instructor_course_link_registered(instructor_id,section_id)
VALUES(5,15);
INSERT INTO instructor_course_link_registered(instructor_id,section_id)
VALUES(7,29);
INSERT INTO instructor_course_link_registered(instructor_id,section_id)
VALUES(7,30);
INSERT INTO instructor_course_link_registered(instructor_id,section_id)
VALUES(7,17);
INSERT INTO instructor_course_link_registered(instructor_id,section_id)
VALUES(7,18);
INSERT INTO instructor_course_link_registered(instructor_id,section_id)
VALUES(7,62);
INSERT INTO instructor_course_link_registered(instructor_id,section_id)
VALUES(8,61);
INSERT INTO instructor_course_link_registered(instructor_id,section_id)
VALUES(8,56);
INSERT INTO instructor_course_link_registered(instructor_id,section_id)
VALUES(8,86);
INSERT INTO instructor_course_link_registered(instructor_id,section_id)
VALUES(13,58);
INSERT INTO instructor_course_link_registered(instructor_id,section_id)
VALUES(13,98);
INSERT INTO instructor_course_link_registered(instructor_id,section_id)
VALUES(14,3);
INSERT INTO instructor_course_link_registered(instructor_id,section_id)
VALUES(14,4);
INSERT INTO instructor_course_link_registered(instructor_id,section_id)
VALUES(14,5);
INSERT INTO instructor_course_link_registered(instructor_id,section_id)
VALUES(14,6);
INSERT INTO instructor_course_link_registered(instructor_id,section_id)
VALUES(14,16);
INSERT INTO instructor_course_link_registered(instructor_id,section_id)
VALUES(15,50);
INSERT INTO instructor_course_link_registered(instructor_id,section_id)
VALUES(15,63);
INSERT INTO instructor_course_link_registered(instructor_id,section_id)
VALUES(15,93);
INSERT INTO instructor_course_link_registered(instructor_id,section_id)
VALUES(15,96);
INSERT INTO instructor_course_link_registered(instructor_id,section_id)
VALUES(16,92);
INSERT INTO instructor_course_link_registered(instructor_id,section_id)
VALUES(17,22);
INSERT INTO instructor_course_link_registered(instructor_id,section_id)
VALUES(18,33);
INSERT INTO instructor_course_link_registered(instructor_id,section_id)
VALUES(18,34);
INSERT INTO instructor_course_link_registered(instructor_id,section_id)
VALUES(18,72);
INSERT INTO instructor_course_link_registered(instructor_id,section_id)
VALUES(20,57);
INSERT INTO instructor_course_link_registered(instructor_id,section_id)
VALUES(20,89);
INSERT INTO instructor_course_link_registered(instructor_id,section_id)
VALUES(21,77);
INSERT INTO instructor_course_link_registered(instructor_id,section_id)
VALUES(22,14);
INSERT INTO instructor_course_link_registered(instructor_id,section_id)
VALUES(22,27);
INSERT INTO instructor_course_link_registered(instructor_id,section_id)
VALUES(22,69);
INSERT INTO instructor_course_link_registered(instructor_id,section_id)
VALUES(22,101);
INSERT INTO instructor_course_link_registered(instructor_id,section_id)
VALUES(24,41);
INSERT INTO instructor_course_link_registered(instructor_id,section_id)
VALUES(24,84);
INSERT INTO instructor_course_link_registered(instructor_id,section_id)
VALUES(24,95);
INSERT INTO instructor_course_link_registered(instructor_id,section_id)
VALUES(25,20);
INSERT INTO instructor_course_link_registered(instructor_id,section_id)
VALUES(25,21);
INSERT INTO instructor_course_link_registered(instructor_id,section_id)
VALUES(26,48);
INSERT INTO instructor_course_link_registered(instructor_id,section_id)
VALUES(26,40);
INSERT INTO instructor_course_link_registered(instructor_id,section_id)
VALUES(26,68);
INSERT INTO instructor_course_link_registered(instructor_id,section_id)
VALUES(26,78);
INSERT INTO instructor_course_link_registered(instructor_id,section_id)
VALUES(27, 97);
INSERT INTO instructor_course_link_registered(instructor_id,section_id)
VALUES(28,49);
INSERT INTO instructor_course_link_registered(instructor_id,section_id)
VALUES(29,51);
INSERT INTO instructor_course_link_registered(instructor_id,section_id)
VALUES(29,79);
INSERT INTO instructor_course_link_registered(instructor_id,section_id)
VALUES(29, 102);
INSERT INTO instructor_course_link_registered(instructor_id,section_id)
VALUES(30,84);
INSERT INTO instructor_course_link_registered(instructor_id,section_id)
VALUES(31,37);
INSERT INTO instructor_course_link_registered(instructor_id,section_id)
VALUES(31,38);
INSERT INTO instructor_course_link_registered(instructor_id,section_id)
VALUES(31,82);
INSERT INTO instructor_course_link_registered(instructor_id,section_id)
VALUES(32,1);
INSERT INTO instructor_course_link_registered(instructor_id,section_id)
VALUES(32,23);
INSERT INTO instructor_course_link_registered(instructor_id,section_id)
VALUES(32,44);
INSERT INTO instructor_course_link_registered(instructor_id,section_id)
VALUES(32,25);
INSERT INTO instructor_course_link_registered(instructor_id,section_id)
VALUES(32,70);
INSERT INTO instructor_course_link_registered(instructor_id,section_id)
VALUES(36,42);
INSERT INTO instructor_course_link_registered(instructor_id,section_id)
VALUES(36,67);
INSERT INTO instructor_course_link_registered(instructor_id,section_id)
VALUES(36,74);
INSERT INTO instructor_course_link_registered(instructor_id,section_id)
VALUES(37,28);
INSERT INTO instructor_course_link_registered(instructor_id,section_id)
VALUES(37,80);
INSERT INTO instructor_course_link_registered(instructor_id,section_id)
VALUES(38,19);
INSERT INTO instructor_course_link_registered(instructor_id,section_id)
VALUES(38,64);
INSERT INTO instructor_course_link_registered(instructor_id,section_id)
VALUES(38,89);
INSERT INTO instructor_course_link_registered(instructor_id,section_id)
VALUES(39,39);
INSERT INTO instructor_course_link_registered(instructor_id,section_id)
VALUES(39,43);
INSERT INTO instructor_course_link_registered(instructor_id,section_id)
VALUES(39,45);
INSERT INTO instructor_course_link_registered(instructor_id,section_id)
VALUES(39,46);
INSERT INTO instructor_course_link_registered(instructor_id,section_id)
VALUES(42,71);
INSERT INTO instructor_course_link_registered(instructor_id,section_id)
VALUES(45,35);
INSERT INTO instructor_course_link_registered(instructor_id,section_id)
VALUES(45, 31);
INSERT INTO instructor_course_link_registered(instructor_id,section_id)
VALUES(47,94);
INSERT INTO instructor_course_link_registered(instructor_id,section_id)
VALUES(48,52);
INSERT INTO instructor_course_link_registered(instructor_id,section_id)
VALUES(48,53);
INSERT INTO instructor_course_link_registered(instructor_id,section_id)
VALUES(48,65);
INSERT INTO instructor_course_link_registered(instructor_id,section_id)
VALUES(49,32);
INSERT INTO instructor_course_link_registered(instructor_id,section_id)
VALUES(49,24);
INSERT INTO instructor_course_link_registered(instructor_id,section_id)
VALUES(49,73);
INSERT INTO instructor_course_link_registered(instructor_id,section_id)
VALUES(49,87);
INSERT INTO instructor_course_link_registered(instructor_id,section_id)
VALUES(50,90);
INSERT INTO instructor_course_link_registered(instructor_id,section_id)
VALUES(52,2);
INSERT INTO instructor_course_link_registered(instructor_id,section_id)
VALUES(53,8);
INSERT INTO instructor_course_link_registered(instructor_id,section_id)
VALUES(53,10);
INSERT INTO instructor_course_link_registered(instructor_id,section_id)
VALUES(53,85);
INSERT INTO instructor_course_link_registered(instructor_id,section_id)
VALUES(54,47);

--Populate_Schedule
INSERT INTO course_schedule(section_id,type,meeting_days,time_start,time_end)
VALUES(1,'Lecture','MTRF',0800,0850);
INSERT INTO course_schedule(section_id,type,meeting_days,time_start,time_end)
VALUES(2,'Lecture','MTRF',1200,1250);
INSERT INTO course_schedule(section_id,type,meeting_days,time_start,time_end)
VALUES(3,'Lecture','MTRF',0900,0950);
INSERT INTO course_schedule(section_id,type,meeting_days,time_start,time_end)
VALUES(4,'Lecture','MTRF',1000,1050);
INSERT INTO course_schedule(section_id,type,meeting_days,time_start,time_end)
VALUES(5,'Lecture','MTRF',1300,1350);
INSERT INTO course_schedule(section_id,type,meeting_days,time_start,time_end)
VALUES(6,'Lecture','MTRF',1000,1050);
INSERT INTO course_schedule(section_id,type,meeting_days,time_start,time_end)
VALUES(7,'Lecture','MTRF',0900,0950);
INSERT INTO course_schedule(section_id,type,meeting_days,time_start,time_end)
VALUES(8,'Lecture','MTRF',0900,0950);
INSERT INTO course_schedule(section_id,type,meeting_days,time_start,time_end)
VALUES(9,'Lecture','MTRF',0800,0850);
INSERT INTO course_schedule(section_id,type,meeting_days,time_start,time_end)
VALUES(10,'Lecture','MTRF',1100,1150);
INSERT INTO course_schedule(section_id,type,meeting_days,time_start,time_end)
VALUES(11,'Lecture','MTRF',0800,0850);
INSERT INTO course_schedule(section_id,type,meeting_days,time_start,time_end)
VALUES(12,'Lecture','MTRF',1000,1050);
INSERT INTO course_schedule(section_id,type,meeting_days,time_start,time_end)
VALUES(13,'Lecture','MTRF',1300,1350);
INSERT INTO course_schedule(section_id,type,meeting_days,time_start,time_end)
VALUES(14,'Lecture','MTRF', 1400, 1450);
INSERT INTO course_schedule(section_id,type,meeting_days,time_start,time_end)
VALUES(15,'Lecture','MTRF',1200,1250);
INSERT INTO course_schedule(section_id,type,meeting_days,time_start,time_end)
VALUES(16,'Lecture','TF',1300,1450);
INSERT INTO course_schedule(section_id,type,meeting_days,time_start,time_end)
VALUES(17,'Lecture','TF',1400,1550);
INSERT INTO course_schedule(section_id,type,meeting_days,time_start,time_end)
VALUES(18,'Lecture','TF',0900,1050);
INSERT INTO course_schedule(section_id,type,meeting_days,time_start,time_end)
VALUES(19,'Lecture','MTRF',0900,0950);
INSERT INTO course_schedule(section_id,type,meeting_days,time_start,time_end)
VALUES(20,'Lecture','MTRF',1000,1050);
INSERT INTO course_schedule(section_id,type,meeting_days,time_start,time_end)
VALUES(21,'Lecture','MTRF',1200,1250);
INSERT INTO course_schedule(section_id,type,meeting_days,time_start,time_end)
VALUES(22,'Lecture','MTRF',1400,1450);
INSERT INTO course_schedule(section_id,type,meeting_days,time_start,time_end)
VALUES(23,'Lecture','MTRF',1000,1050);
INSERT INTO course_schedule(section_id,type,meeting_days,time_start,time_end)
VALUES(24,'Lecture','MTRF',1500,1550);
INSERT INTO course_schedule(section_id,type,meeting_days,time_start,time_end)
VALUES(25,'Lecture','TF',1200,1350);
INSERT INTO course_schedule(section_id,type,meeting_days,time_start,time_end)
VALUES(26,'Lecture','MTRF',0900,0950);
INSERT INTO course_schedule(section_id,type,meeting_days,time_start,time_end)
VALUES(27,'Lecture','MTRF',1300,1350);
INSERT INTO course_schedule(section_id,type,meeting_days,time_start,time_end)
VALUES(28,'Lecture','MTRF',1000,1050);
INSERT INTO course_schedule(section_id,type,meeting_days,time_start,time_end)
VALUES(29,'Lecture','MTRF',1400,1450);
INSERT INTO course_schedule(section_id,type,meeting_days,time_start,time_end)
VALUES(30,'Lecture','MTRF',1600,1650);
INSERT INTO course_schedule(section_id,type,meeting_days,time_start,time_end)
VALUES(31,'Lecture','MTRF',0900,0950);
INSERT INTO course_schedule(section_id,type,meeting_days,time_start,time_end)
VALUES(32,'Lecture','TF',0800,0950);
INSERT INTO course_schedule(section_id,type,meeting_days,time_start,time_end)
VALUES(33,'Lecture','MTRF',0900,0950);
INSERT INTO course_schedule(section_id,type,meeting_days,time_start,time_end)
VALUES(34,'Lecture','MTRF',0800,0850);
INSERT INTO course_schedule(section_id,type,meeting_days,time_start,time_end)
VALUES(35,'Lecture','MTRF',1100,1150);
INSERT INTO course_schedule(section_id,type,meeting_days,time_start,time_end)
VALUES(36,'Lecture','MTRF',0800,0850);
INSERT INTO course_schedule(section_id,type,meeting_days,time_start,time_end)
VALUES(37,'Lecture','MTRF',1000,1050);
INSERT INTO course_schedule(section_id,type,meeting_days,time_start,time_end)
VALUES(38,'Lecture','MTRF',1300,1350);
INSERT INTO course_schedule(section_id,type,meeting_days,time_start,time_end)
VALUES(39,'Lecture','MTRF',1200,1250);
INSERT INTO course_schedule(section_id,type,meeting_days,time_start,time_end)
VALUES(40,'Lecture','MTRF',1200,1250);
INSERT INTO course_schedule(section_id,type,meeting_days,time_start,time_end)
VALUES(41,'Lecture','TF',1300,1450);
INSERT INTO course_schedule(section_id,type,meeting_days,time_start,time_end)
VALUES(42,'Lecture','TF',1400,1550);
INSERT INTO course_schedule(section_id,type,meeting_days,time_start,time_end)
VALUES(43,'Lecture','TF',0900,1050);
INSERT INTO course_schedule(section_id,type,meeting_days,time_start,time_end)
VALUES(44,'Lecture','MTRF',0900,0950);
INSERT INTO course_schedule(section_id,type,meeting_days,time_start,time_end)
VALUES(45,'Lecture','MTRF',1000,1050);
INSERT INTO course_schedule(section_id,type,meeting_days,time_start,time_end)
VALUES(46,'Lecture','MTRF',1200,1250);
INSERT INTO course_schedule(section_id,type,meeting_days,time_start,time_end)
VALUES(47,'Lecture','MTRF',1400,1450);
INSERT INTO course_schedule(section_id,type,meeting_days,time_start,time_end)
VALUES(48,'Lecture','MTRF',1000,1050);
INSERT INTO course_schedule(section_id,type,meeting_days,time_start,time_end)
VALUES(49,'Lecture','MTRF',1500,1550);
INSERT INTO course_schedule(section_id,type,meeting_days,time_start,time_end)
VALUES(50,'Lecture','TF',1200,1350);
INSERT INTO course_schedule (section_id, type,meeting_days, time_start, time_end)
VALUES (51, 'Lecture','MTRF', 9000, 9050);
INSERT INTO course_schedule (section_id, type,meeting_days, time_start, time_end)
VALUES (52, 'Lecture','MTRF', 1000, 1050);
INSERT INTO course_schedule (section_id, type,meeting_days, time_start, time_end) 
VALUES (53, 'Lecture','MTRF', 1100, 1150);
INSERT INTO course_schedule (section_id, type,meeting_days, time_start, time_end) 
VALUES (54, 'Lecture','MTRF', 1200, 1250);
INSERT INTO course_schedule (section_id, type,meeting_days, time_start, time_end) 
VALUES (55, 'Lecture','MTRF', 1300, 1350);
INSERT INTO course_schedule (section_id, type,meeting_days, time_start, time_end) 
VALUES (56, 'Lecture','MTRF', 1400, 1450);
INSERT INTO course_schedule (section_id, type,meeting_days, time_start, time_end) 
VALUES (57, 'Lecture','MTRF', 1500, 1550);
INSERT INTO course_schedule (section_id, type,meeting_days, time_start, time_end) 
VALUES (58, 'Lecture','MTRF', 1600, 1650);
INSERT INTO course_schedule (section_id, type,meeting_days, time_start, time_end) 
VALUES (59, 'Lecture','MR', 1000, 1150);
INSERT INTO course_schedule (section_id, type,meeting_days, time_start, time_end) 
VALUES (60, 'Lecture','MR', 1200, 1350);
INSERT INTO course_schedule (section_id, type,meeting_days, time_start, time_end) 
VALUES (61, 'Lecture','MR', 1300, 1450);
INSERT INTO course_schedule (section_id, type,meeting_days, time_start, time_end) 
VALUES (62, 'Lecture','MR', 1400, 1550);
INSERT INTO course_schedule (section_id, type,meeting_days, time_start, time_end) 
VALUES (63, 'Lecture','MR', 1500, 1650);
INSERT INTO course_schedule (section_id, type,meeting_days, time_start, time_end) 
VALUES (64, 'Lecture','TF', 1000, 1150);
INSERT INTO course_schedule (section_id, type,meeting_days, time_start, time_end) 
VALUES (65, 'Lecture','TF', 1200, 1350);
INSERT INTO course_schedule (section_id, type,meeting_days, time_start, time_end) 
VALUES (66, 'Lecture','TF', 1300, 1450);
INSERT INTO course_schedule (section_id, type,meeting_days, time_start, time_end) 
VALUES (67, 'Lecture','TF', 1400, 1550);
INSERT INTO course_schedule (section_id, type,meeting_days, time_start, time_end) 
VALUES (68, 'Lecture','TF', 1500, 1650);
INSERT INTO course_schedule (section_id, type,meeting_days, time_start, time_end) 
VALUES (69, 'Lecture','T,R', 1000, 1150);
INSERT INTO course_schedule (section_id, type,meeting_days, time_start, time_end) 
VALUES (70, 'Lecture','T,R', 1200, 1350);
INSERT INTO course_schedule (section_id, type,meeting_days, time_start, time_end) 
VALUES (71, 'Lecture','T,R', 1300, 1450);
INSERT INTO course_schedule (section_id, type,meeting_days, time_start, time_end) 
VALUES (72, 'Lecture','T,R', 1400, 1550);
INSERT INTO course_schedule (section_id, type,meeting_days, time_start, time_end)
VALUES (73, 'Lecture','T,R', 1500, 1650);
INSERT INTO course_schedule (section_id, type,meeting_days, time_start, time_end)
VALUES (74, 'Lecture','T,R', 9000, 1050);
INSERT INTO course_schedule (section_id, type,meeting_days, time_start, time_end)
VALUES (75, 'Lecture','MTRF', 9000, 9050);
INSERT INTO course_schedule (section_id, type,meeting_days, time_start, time_end) 
VALUES (76, 'Lecture','MTRF', 1000, 1050);
INSERT INTO course_schedule (section_id, type,meeting_days, time_start, time_end) 
VALUES (77, 'Lecture','MTRF', 1100, 1150);
INSERT INTO course_schedule (section_id, type,meeting_days, time_start, time_end) 
VALUES (78, 'Lecture','MTRF', 1200, 1250);
INSERT INTO course_schedule (section_id, type,meeting_days, time_start, time_end) 
VALUES (79, 'Lecture','MTRF', 1300, 1350);
INSERT INTO course_schedule (section_id, type,meeting_days, time_start, time_end) 
VALUES (80, 'Lecture','MTRF', 1400, 1450);
INSERT INTO course_schedule (section_id, type,meeting_days, time_start, time_end) 
VALUES (81, 'Lecture','MTRF', 1500, 1550);
INSERT INTO course_schedule (section_id, type,meeting_days, time_start, time_end) 
VALUES (82, 'Lecture','MTRF', 1600, 1650);
INSERT INTO course_schedule (section_id, type,meeting_days, time_start, time_end) 
VALUES (83, 'Lecture','MR', 1000, 1150);
INSERT INTO course_schedule (section_id, type,meeting_days, time_start, time_end) 
VALUES (84, 'Lecture','MR', 1200, 1350);
INSERT INTO course_schedule (section_id, type,meeting_days, time_start, time_end) 
VALUES (85, 'Lecture','MR', 1300, 1450);
INSERT INTO course_schedule (section_id, type,meeting_days, time_start, time_end) 
VALUES (86, 'Lecture','MR', 1400, 1550);
INSERT INTO course_schedule (section_id, type,meeting_days, time_start, time_end) 
VALUES (87, 'Lecture','MR', 1500, 1650);
INSERT INTO course_schedule (section_id, type,meeting_days, time_start, time_end) 
VALUES (88, 'Lecture','TF', 1000, 1150);
INSERT INTO course_schedule (section_id, type,meeting_days, time_start, time_end) 
VALUES (89, 'Lecture','TF', 1200, 1350);
INSERT INTO course_schedule (section_id, type,meeting_days, time_start, time_end) 
VALUES (90, 'Lecture','TF', 1300, 1450);
INSERT INTO course_schedule (section_id, type,meeting_days, time_start, time_end) 
VALUES (91, 'Lecture','TF', 1400, 1550);
INSERT INTO course_schedule (section_id, type,meeting_days, time_start, time_end) 
VALUES (92, 'Lecture','TF', 1500, 1650);
INSERT INTO course_schedule (section_id, type,meeting_days, time_start, time_end) 
VALUES (93, 'Lecture','T,R', 1000, 1150);
INSERT INTO course_schedule (section_id, type,meeting_days, time_start, time_end) 
VALUES (94, 'Lecture','T,R', 1200, 1350);
INSERT INTO course_schedule (section_id, type,meeting_days, time_start, time_end) 
VALUES (95, 'Lecture','T,R', 1300, 1450);
INSERT INTO course_schedule (section_id, type,meeting_days, time_start, time_end) 
VALUES (96, 'Lecture','T,R', 1400, 1550);
INSERT INTO course_schedule (section_id, type,meeting_days, time_start, time_end) 
VALUES (97, 'Lecture','T,R', 1500, 1650);
INSERT INTO course_schedule (section_id, type,meeting_days, time_start, time_end) 
VALUES (98, 'Lecture','T,R', 9000, 1050);
INSERT INTO course_schedule (section_id, type,meeting_days, time_start, time_end) 
VALUES (99, 'Lecture','T,R', 1000, 1150);
INSERT INTO course_schedule (section_id, type,meeting_days, time_start, time_end) 
VALUES (101, 'Lecture','T,R', 1200, 1350);
INSERT INTO course_schedule (section_id, type,meeting_days, time_start, time_end) 
VALUES (102, 'Lecture','T,R', 1300, 1450);

--Labs
INSERT INTO course_sections (course_num, section_num, term, expected_pop) VALUES (1, 3, 'A', 30);
INSERT INTO course_schedule (section_id, type, meeting_days, time_start, time_end) VALUES (106, 'Lab', 'W', 800, 850);
INSERT INTO course_sections (course_num, section_num, term, expected_pop) VALUES (1, 4, 'A', 30);
INSERT INTO course_schedule (section_id, type, meeting_days, time_start, time_end) VALUES (107, 'Lab', 'W', 900, 950);
INSERT INTO course_sections (course_num, section_num, term, expected_pop) VALUES (1, 5, 'A', 30);
INSERT INTO course_schedule (section_id, type, meeting_days, time_start, time_end) VALUES (108, 'Lab', 'W', 1600, 1650);
INSERT INTO course_sections (course_num, section_num, term, expected_pop) VALUES (1, 6, 'A', 30);
INSERT INTO course_schedule (section_id, type, meeting_days, time_start, time_end) VALUES (109, 'Lab', 'W', 1100, 1150);
INSERT INTO course_sections (course_num, section_num, term, expected_pop) VALUES (1, 7, 'A', 30);
INSERT INTO course_schedule (section_id, type, meeting_days, time_start, time_end) VALUES (110, 'Lab', 'W', 1200, 1250);

INSERT INTO course_sections (course_num, section_num, term, expected_pop) VALUES (2, 5, 'A', 30);
INSERT INTO course_schedule (section_id, type, meeting_days, time_start, time_end) VALUES (111, 'Lab', 'W', 800, 850);
INSERT INTO course_sections (course_num, section_num, term, expected_pop) VALUES (2, 6, 'A', 30);
INSERT INTO course_schedule (section_id, type, meeting_days, time_start, time_end) VALUES (112, 'Lab', 'W', 900, 950);
INSERT INTO course_sections (course_num, section_num, term, expected_pop) VALUES (2, 7, 'A', 30);
INSERT INTO course_schedule (section_id, type, meeting_days, time_start, time_end) VALUES (113, 'Lab', 'W', 1000, 1050);
INSERT INTO course_sections (course_num, section_num, term, expected_pop) VALUES (2, 8, 'A', 30);
INSERT INTO course_schedule (section_id, type, meeting_days, time_start, time_end) VALUES (114, 'Lab', 'W', 1100, 1150);
INSERT INTO course_sections (course_num, section_num, term, expected_pop) VALUES (2, 9, 'A', 30);
INSERT INTO course_schedule (section_id, type, meeting_days, time_start, time_end) VALUES (115, 'Lab', 'W', 1000, 1050);
INSERT INTO course_sections (course_num, section_num, term, expected_pop) VALUES (2, 10, 'A', 30);
INSERT INTO course_schedule (section_id, type, meeting_days, time_start, time_end) VALUES (116, 'Lab', 'W', 1300, 1350);
INSERT INTO course_sections (course_num, section_num, term, expected_pop) VALUES (2, 11, 'A', 30);
INSERT INTO course_schedule (section_id, type, meeting_days, time_start, time_end) VALUES (117, 'Lab', 'W', 1400, 1450);
INSERT INTO course_sections (course_num, section_num, term, expected_pop) VALUES (2, 12, 'A', 30);
INSERT INTO course_schedule (section_id, type, meeting_days, time_start, time_end) VALUES (118, 'Lab', 'W', 1500, 1550);
INSERT INTO course_sections (course_num, section_num, term, expected_pop) VALUES (2, 13, 'A', 30);
INSERT INTO course_schedule (section_id, type, meeting_days, time_start, time_end) VALUES (119, 'Lab', 'W', 1400, 1450);
INSERT INTO course_sections (course_num, section_num, term, expected_pop) VALUES (2, 14, 'A', 30);
INSERT INTO course_schedule (section_id, type, meeting_days, time_start, time_end) VALUES (120, 'Lab', 'W', 1200, 1250);
INSERT INTO course_sections (course_num, section_num, term, expected_pop) VALUES (2, 15, 'A', 30);
INSERT INTO course_schedule (section_id, type, meeting_days, time_start, time_end) VALUES (121, 'Lab', 'W', 1600, 1650);
INSERT INTO course_sections (course_num, section_num, term, expected_pop) VALUES (2, 16, 'A', 30);
INSERT INTO course_schedule (section_id, type, meeting_days, time_start, time_end) VALUES (122, 'Lab', 'T', 1500, 1550);

INSERT INTO course_sections (course_num, section_num, term, expected_pop) VALUES (3, 2, 'A', 30);
INSERT INTO course_schedule (section_id, type, meeting_days, time_start, time_end) VALUES (123, 'Lab', 'W', 1300, 1350);
INSERT INTO course_sections (course_num, section_num, term, expected_pop) VALUES (3, 3, 'A', 30);
INSERT INTO course_schedule (section_id, type, meeting_days, time_start, time_end) VALUES (124, 'Lab', 'W', 1400, 1450);
INSERT INTO course_sections (course_num, section_num, term, expected_pop) VALUES (3, 4, 'A', 30);
INSERT INTO course_schedule (section_id, type, meeting_days, time_start, time_end) VALUES (125, 'Lab', 'W', 1500, 1550);
INSERT INTO course_sections (course_num, section_num, term, expected_pop) VALUES (3, 5, 'A', 30);
INSERT INTO course_schedule (section_id, type, meeting_days, time_start, time_end) VALUES (126, 'Lab', 'W', 1600, 1650);

INSERT INTO course_sections (course_num, section_num, term, expected_pop) VALUES (5, 4, 'A', 30);
INSERT INTO course_schedule (section_id, type, meeting_days, time_start, time_end) VALUES (127, 'Lab', 'W', 900, 950);
INSERT INTO course_sections (course_num, section_num, term, expected_pop) VALUES (5, 5, 'A', 30);
INSERT INTO course_schedule (section_id, type, meeting_days, time_start, time_end) VALUES (128, 'Lab', 'W', 1000, 1050);
INSERT INTO course_sections (course_num, section_num, term, expected_pop) VALUES (5, 6, 'A', 30);
INSERT INTO course_schedule (section_id, type, meeting_days, time_start, time_end) VALUES (129, 'Lab', 'W', 1200, 1250);
INSERT INTO course_sections (course_num, section_num, term, expected_pop) VALUES (5, 7, 'A', 30);
INSERT INTO course_schedule (section_id, type, meeting_days, time_start, time_end) VALUES (130, 'Lab', 'W', 1100, 1150);

INSERT INTO course_sections (course_num, section_num, term, expected_pop) VALUES (15, 4, 'B', 30);
INSERT INTO course_schedule (section_id, type, meeting_days, time_start, time_end) VALUES (131, 'Lab', 'W', 1200, 1250);
INSERT INTO course_sections (course_num, section_num, term, expected_pop) VALUES (2, 17, 'C', 30);
INSERT INTO course_schedule (section_id, type, meeting_days, time_start, time_end) VALUES (132, 'Lab', 'W', 1000, 1050);
INSERT INTO course_sections (course_num, section_num, term, expected_pop) VALUES (31, 2, 'D', 30);
INSERT INTO course_schedule (section_id, type, meeting_days, time_start, time_end) VALUES (133, 'Lab', 'W', 1100, 1150);

--Populate_Frequency
INSERT INTO course_frequencies (course_id,req_frequency) VALUES (1,10100);
INSERT INTO course_frequencies (course_id,req_frequency) VALUES (2,10100);
INSERT INTO course_frequencies (course_id,req_frequency) VALUES (3,10110);
INSERT INTO course_frequencies (course_id,req_frequency) VALUES (4,10000);
INSERT INTO course_frequencies (course_id,req_frequency) VALUES (5,10100);
INSERT INTO course_frequencies (course_id,req_frequency) VALUES (6,10100);
INSERT INTO course_frequencies (course_id,req_frequency) VALUES (7,11110);
INSERT INTO course_frequencies (course_id,req_frequency) VALUES (8,10100);
INSERT INTO course_frequencies (course_id,req_frequency) VALUES (9,10100);
INSERT INTO course_frequencies (course_id,req_frequency) VALUES (10,11000);
INSERT INTO course_frequencies (course_id,req_frequency) VALUES (11,10000);
INSERT INTO course_frequencies (course_id,req_frequency) VALUES (12,10000);
INSERT INTO course_frequencies (course_id,req_frequency) VALUES (13,10100);
INSERT INTO course_frequencies (course_id,req_frequency) VALUES (14,01010);
INSERT INTO course_frequencies (course_id,req_frequency) VALUES (15,01010);
INSERT INTO course_frequencies (course_id,req_frequency) VALUES (16,01000);
INSERT INTO course_frequencies (course_id,req_frequency) VALUES (17,01010);
INSERT INTO course_frequencies (course_id,req_frequency) VALUES (18,01010);
INSERT INTO course_frequencies (course_id,req_frequency) VALUES (19,01010);
INSERT INTO course_frequencies (course_id,req_frequency) VALUES (20,01110);
INSERT INTO course_frequencies (course_id,req_frequency) VALUES (21,01000);
INSERT INTO course_frequencies (course_id,req_frequency) VALUES (22,01000);
INSERT INTO course_frequencies (course_id,req_frequency) VALUES (23,01000);
INSERT INTO course_frequencies (course_id,req_frequency) VALUES (24,01000);
INSERT INTO course_frequencies (course_id,req_frequency) VALUES (25,01100);
INSERT INTO course_frequencies (course_id,req_frequency) VALUES (26,10110);
INSERT INTO course_frequencies (course_id,req_frequency) VALUES (27,00100);
INSERT INTO course_frequencies (course_id,req_frequency) VALUES (28,00100);
INSERT INTO course_frequencies (course_id,req_frequency) VALUES (29,00100);
INSERT INTO course_frequencies (course_id,req_frequency) VALUES (30,00100);
INSERT INTO course_frequencies (course_id,req_frequency) VALUES (31,00010);
INSERT INTO course_frequencies (course_id,req_frequency) VALUES (32,00010);
INSERT INTO course_frequencies (course_id,req_frequency) VALUES (33,00010);
INSERT INTO course_frequencies (course_id,req_frequency) VALUES (34,00010);
INSERT INTO course_frequencies (course_id,req_frequency) VALUES (35,00010);
INSERT INTO course_frequencies (course_id,req_frequency) VALUES (36,00010);
INSERT INTO course_frequencies (course_id,req_frequency) VALUES (37,11000);
INSERT INTO course_frequencies (course_id,req_frequency) VALUES (38,11000);
INSERT INTO course_frequencies (course_id,req_frequency) VALUES (39,11000);
INSERT INTO course_frequencies (course_id,req_frequency) VALUES (40,11000);
INSERT INTO course_frequencies (course_id,req_frequency) VALUES (41,11000);
INSERT INTO course_frequencies (course_id,req_frequency) VALUES (42,11000);
INSERT INTO course_frequencies (course_id,req_frequency) VALUES (43,11000);
INSERT INTO course_frequencies (course_id,req_frequency) VALUES (44,11000);
INSERT INTO course_frequencies (course_id,req_frequency) VALUES (45,11000);
INSERT INTO course_frequencies (course_id,req_frequency) VALUES (46,11000);
INSERT INTO course_frequencies (course_id,req_frequency) VALUES (47,11000);
INSERT INTO course_frequencies (course_id,req_frequency) VALUES (48,11000);
INSERT INTO course_frequencies (course_id,req_frequency) VALUES (49,11000);
INSERT INTO course_frequencies (course_id,req_frequency) VALUES (50,11000);
INSERT INTO course_frequencies (course_id,req_frequency) VALUES (51,00110);
INSERT INTO course_frequencies (course_id,req_frequency) VALUES (52,00110);
INSERT INTO course_frequencies (course_id,req_frequency) VALUES (53,00110);
INSERT INTO course_frequencies (course_id,req_frequency) VALUES (54,00110);
INSERT INTO course_frequencies (course_id,req_frequency) VALUES (55,00110);
INSERT INTO course_frequencies (course_id,req_frequency) VALUES (56,00110);
INSERT INTO course_frequencies (course_id,req_frequency) VALUES (57,00110);
INSERT INTO course_frequencies (course_id,req_frequency) VALUES (58,00110);
INSERT INTO course_frequencies (course_id,req_frequency) VALUES (59,00110);
INSERT INTO course_frequencies (course_id,req_frequency) VALUES (60,00110);
INSERT INTO course_frequencies (course_id,req_frequency) VALUES (61,00110);
INSERT INTO course_frequencies (course_id,req_frequency) VALUES (62,00110);
INSERT INTO course_frequencies (course_id,req_frequency) VALUES (63,00110);
INSERT INTO course_frequencies (course_id,req_frequency) VALUES (64,00110);
INSERT INTO course_frequencies (course_id,req_frequency) VALUES (65,00110);


--Changelog
--Add: departments
--Add: course_department_link
--Change: Course_information and course_section dont reference department anymore
--Change: req_frequency moved from course_section to its own table course_frequency
--Change: Everything cours erelated lonks back to course information
